{
    "resolution": [800, 800],
    "viewport": [0, 0, 800, 800],
    "rays": 1000000,
    "exposure": 0.60,
    "lights": [
        [ 4, 0,0, [0, 90], [0, 1000], [180, 270], 420 ]
    ],
    "objects": [
        [0, 1, 409, 1023, -106]
    ],
    "materials": [
        [
            [1, "d"]
        ],
        [
            [0.17254901960784313, "d"],
            [0.8235294117647058, "r"]
        ],
        [
            [0.6039215686274509, "d"],
            [0.39215686274509803, "r"]
        ],
        [
            [0.3137254901960784, "d"],
            [0.1607843137254902, "r"]
        ],
        [
            [1, "r"]
        ],
        [
            [0.2235294117647059, "d"],
            [0.19607843137254902, "r"],
            [0.5764705882352941, "t"]
        ]
    ]
}